{"cameraMode":{"drawMode":0,"name":"Shaded","section":"Shading Mode"},"sceneLighting":true,"audioPlay":false,"sceneViewState":{"showFog":true,"showMaterialUpdate":false,"showSkybox":true,"showFlares":true,"showImageEffects":true,"showParticleSystems":true},"in2DMode":false,"pivot":{"x":-2.549804210662842,"y":5.04762077331543,"z":3.5041935443878176},"rotation":{"x":-0.0071656894870102409,"y":0.992834210395813,"z":-0.08390430361032486,"w":-0.084793820977211},"size":6.278224945068359,"orthographic":false}